id,username,name,profileImageUrl
2804862243,MrCraft1124,Kolya Zubets,https://pbs.twimg.com/profile_images/583907048494129153/tJs11qtj_normal.jpg
1494731223775731719,Ismael84450931,Ismael,https://abs.twimg.com/sticky/default_profile_images/default_profile_normal.png
2934526229,SNEAPZY,illuosiion,https://pbs.twimg.com/profile_images/1185692328486490122/tSK1xV3I_normal.jpg
973768921970020352,Mykelee_,MykeLee,https://pbs.twimg.com/profile_images/1454664845530390528/zStSh2ae_normal.jpg
2279795744,neo14787,Jason Camargo,https://abs.twimg.com/sticky/default_profile_images/default_profile_normal.png
626833632,ShivitaxXx,Nicolas P. Zanni,https://pbs.twimg.com/profile_images/378800000328432925/4794930203ec7fb2a2e26a1563eeb3a3_normal.jpeg
241205254,skyguard39,Skyguard,https://pbs.twimg.com/profile_images/505794287619952640/AXciWYqp_normal.jpeg
1486745623831269378,DevaN93752421,Deva N,https://pbs.twimg.com/profile_images/1486745700901605379/Lf0bc_DQ_normal.jpg
1318362498,carcharoth68,Greg Vaughn,https://abs.twimg.com/sticky/default_profile_images/default_profile_normal.png
2894288086,vakka12,–ù–∞–∑–∞—Ä –í–∞–∫–∫–∞,https://abs.twimg.com/sticky/default_profile_images/default_profile_normal.png
989980926280159232,JaykebErklenz,Ivon Jaykeb Dean Erklenz,https://abs.twimg.com/sticky/default_profile_images/default_profile_normal.png
1445649643195355146,Bj_one1,Bj√∏rnson,https://pbs.twimg.com/profile_images/1476176217804087297/q3Sc5Qcz_normal.jpg
723060084553609216,nongjj2546,nongjj248,https://abs.twimg.com/sticky/default_profile_images/default_profile_normal.png
1304032971343626240,alfadian_owen,alfadian owen,https://abs.twimg.com/sticky/default_profile_images/default_profile_normal.png
1447620178120953864,hugo_alliot,Hugo Alliot,https://pbs.twimg.com/profile_images/1447620371893657603/2xH8oIr7_normal.png
1040751727,tomogal13,Tomo,https://pbs.twimg.com/profile_images/1387960119351291906/07bhIqRW_normal.jpg
887619882774220805,Weaver_Whg,Nige,https://abs.twimg.com/sticky/default_profile_images/default_profile_normal.png
1018110521273409536,DariusA80632987,Xaneth,https://pbs.twimg.com/profile_images/1113070095406956544/48NvPFPY_normal.jpg
1432987159817039873,MrSaitrey,Saitrey,https://pbs.twimg.com/profile_images/1432987236530860032/wwrIcp5S_normal.jpg
84230002,Ranneck,ŒîŒ∑ŒºŒ∑œÑœÅŒ∑œÇ ŒúœÄŒ±œÉœÑŒ±œÇ,https://pbs.twimg.com/profile_images/1213610607/DSC00354_normal.JPG
2959058083,Ups1D3D,Ups1deD0wn,https://pbs.twimg.com/profile_images/1381937758311116803/odpyJDX8_normal.jpg
446547966,Berni_Growman,bernig90@gmail.com,https://pbs.twimg.com/profile_images/1404011704447602690/mrwCOmwC_normal.jpg
1010967139300335616,BannanaMama,RazvanKiller,https://abs.twimg.com/sticky/default_profile_images/default_profile_normal.png
1484318372464513024,saki79ttv,saki79,https://pbs.twimg.com/profile_images/1486321368694243331/JpYPKOsk_normal.png
974330884168929280,Req_Bobby,Pulga,https://pbs.twimg.com/profile_images/1385515680775114752/srXGB0Md_normal.jpg
1492542578885021700,ArcaneRealm1,ArcaneRealm,https://pbs.twimg.com/profile_images/1492542637714329603/qdtZy_uZ_normal.png
189617809,vald98,Validator,https://pbs.twimg.com/profile_images/800183067084210176/GfxvSKRQ_normal.jpg
1240218468609392640,douglasalabrico,Doug',https://pbs.twimg.com/profile_images/1370351456243609600/VeeZu_qd_normal.jpg
1579613346,TyroS33,Tyro S.,https://pbs.twimg.com/profile_images/378800000108475639/44fd70c41c2e38188222933b7bd251d6_normal.jpeg
2333473357,Axilo2,Axilo,https://pbs.twimg.com/profile_images/1157672307210575873/ZyZONxmA_normal.jpg
1482031426174390272,Rajjn_17,Rajjn,https://pbs.twimg.com/profile_images/1482031484584312836/Mxh6zxCk_normal.png
484207422,mombie4coffee,Mombie4coffee,https://pbs.twimg.com/profile_images/1118523025324953600/qjyARsyf_normal.jpg
3623028555,EmnixPlays,Emnix,https://pbs.twimg.com/profile_images/642420286105612288/DV6LfWlT_normal.jpg
497700533,CrazyManBlue300,Robin Andersson,https://pbs.twimg.com/profile_images/1381670198227435531/TWEz-HR9_normal.jpg
2173468975,Roookefeler,Roookie,https://pbs.twimg.com/profile_images/991925137879519232/UKJvN2Dh_normal.jpg
1382187850720976907,Epix_____,Epix,https://pbs.twimg.com/profile_images/1487443015966728193/gpCr3YVz_normal.jpg
2718814543,prc377,Paul Cobden,https://pbs.twimg.com/profile_images/589227485545369600/FwsZ5B4b_normal.jpg
4672858351,adrielteng,adriel teng,https://abs.twimg.com/sticky/default_profile_images/default_profile_normal.png
1422402913666838543,Octoqt_,Octoqt_ üîû (she/her),https://pbs.twimg.com/profile_images/1485067583728467969/i13_eECi_normal.jpg
1470525205894283271,JuegoDeTodo1,JuegoDeTodo,https://pbs.twimg.com/profile_images/1470526172228370438/uhTYl9Ch_normal.jpg
1078364767620874242,ArtCharms,ArtCharms,https://pbs.twimg.com/profile_images/1255572149051555840/vu4Kxicy_normal.jpg
755422068477394944,TewiFate,Raul Jara villarroel,https://pbs.twimg.com/profile_images/1286898119117099014/1RWQyEV__normal.jpg
731575695177027585,XiDroN,L√°szl√≥ Csorba,https://abs.twimg.com/sticky/default_profile_images/default_profile_normal.png
2449827300,BPE3497,BPE,https://abs.twimg.com/sticky/default_profile_images/default_profile_normal.png
3297759217,mhmmhm99701846,mhm mhm,https://abs.twimg.com/sticky/default_profile_images/default_profile_normal.png
919876798451679233,JustKodaUwU,princess koda üå∫üè≥Ô∏è‚Äçüåà your fav french femboy ‚ú®,https://pbs.twimg.com/profile_images/1466938753382027266/mfz3EDL6_normal.jpg
2364644402,ZerDaerik,–î–º–∏—Ç—Ä–∏–π –ú–∞–∫—Å–∏–º–æ–≤,https://abs.twimg.com/sticky/default_profile_images/default_profile_normal.png
896021457259511808,LukasKnightrose,Lukas R. Knightrose,https://pbs.twimg.com/profile_images/1191196744119226368/4_lKhcUT_normal.jpg
788183229828259840,kuja6661366613,lvh,https://pbs.twimg.com/profile_images/1447265732182507520/nMp_DbUy_normal.jpg
794926164,MaxedOutGamer,Maxed out Gamers,https://pbs.twimg.com/profile_images/812428882468970496/Gk2xJnot_normal.jpg
1491173027794628611,Pr0SharpSh00t3r,Damian Plant,https://pbs.twimg.com/profile_images/1491173096736411649/zI85TzQB_normal.png
3352547254,kenchiutaku,D√©tective Tchoupi,https://pbs.twimg.com/profile_images/1124849757753626624/c2HkMUh2_normal.png
2266306154,CzechuPL,Czechu,https://pbs.twimg.com/profile_images/693665385305018368/3J9q_np3_normal.jpg
1491102344762769410,SirBlueEyed,All Yours,https://pbs.twimg.com/profile_images/1491102395996291072/BcDXBolC_normal.png
3357992771,lappunen,Sakari Pohjola,https://pbs.twimg.com/profile_images/617173253702987776/HnyhJViR_normal.jpg
2617581824,maldinizaza,maldini,https://pbs.twimg.com/profile_images/1294229696838860800/G6H82767_normal.jpg
331976918,SlinkyBr,Rafael de Abreu,https://pbs.twimg.com/profile_images/3096852879/368f705dbb8a5c090c10f836aa08508b_normal.jpeg
1067581356400553985,DerekNakanishi,Derek Nakanishi,https://abs.twimg.com/sticky/default_profile_images/default_profile_normal.png
77456385,ScuttlingHorror,Jackie Estacado,https://pbs.twimg.com/profile_images/1193021339/121867-113498-the-darkness_super_normal.jpg
935902778815340544,Sp00nLess,Michael Scott,https://abs.twimg.com/sticky/default_profile_images/default_profile_normal.png
1377197847515426821,Carlos28020621,Carlos,https://abs.twimg.com/sticky/default_profile_images/default_profile_normal.png
1146678594271358976,czesciek,Czesciek,https://pbs.twimg.com/profile_images/1146679180723179520/maGtbkzj_normal.jpg
2266558267,PaxyJ,Paxy,https://pbs.twimg.com/profile_images/759626620311310336/hFBE4jBe_normal.jpg
136239805,parfigueiredo,Paulo Figueiredo,https://pbs.twimg.com/profile_images/1173757616/IMAG0028_edit0_edit0_normal.jpg
433951619,ArcticIceFox,Tian Dai,https://pbs.twimg.com/profile_images/1418302374112792581/mLtJip6L_normal.jpg
2565774619,GoodApollo13,Clint,https://abs.twimg.com/sticky/default_profile_images/default_profile_normal.png
32212731,davidlarnold,David Arnold,https://pbs.twimg.com/profile_images/1263149718378549249/Hj-3BxTA_normal.jpg
738881665313824768,JamesMayberry85,James Mayberry,https://pbs.twimg.com/profile_images/923747902928728065/Rp2YqNgL_normal.jpg
1357553907585536002,FreeZeMeLoN2,FreeZeMeLoN,https://pbs.twimg.com/profile_images/1371343647329849344/tui624qE_normal.jpg
1463420678669885445,eekamouseyGTJP,eekamousey,https://pbs.twimg.com/profile_images/1463427023129702401/KJ56McPi_normal.jpg
1371205243610992646,Lukifer18,Lukifer,https://abs.twimg.com/sticky/default_profile_images/default_profile_normal.png
258238133,kylefromairdrie,Kyle Plante,https://pbs.twimg.com/profile_images/840424248543920128/r0zkZCir_normal.jpg
1228813573977063424,BillyTheKiddYT,BillyTheKidd,https://pbs.twimg.com/profile_images/1228813633313894402/GkWUlie1_normal.jpg
2344841156,XlotsObutterX,Bryan Stebler,https://abs.twimg.com/sticky/default_profile_images/default_profile_normal.png
820740259604496384,A_Whiny_Potato,√á≈ô√•v…ô,https://pbs.twimg.com/profile_images/1475611602057674759/ZHn66Ub9_normal.jpg
758380422611034112,brunoolivio1,F√£ Do Drake,https://pbs.twimg.com/profile_images/759051369038901248/7SH0fZ5a_normal.jpg
767341903696146432,lolchoon1,lolchoon,https://abs.twimg.com/sticky/default_profile_images/default_profile_normal.png
1145694772037861376,Hatemeister2,Hatemeister,https://pbs.twimg.com/profile_images/1145699518798815232/U53_J3EV_normal.jpg
1480966130235842560,Martins26765565,Keomiii,https://pbs.twimg.com/profile_images/1482059851073265665/AT4qGPdE_normal.jpg
1200572543800725504,VilkurTheLurker,Vilkur,https://pbs.twimg.com/profile_images/1200604672882565120/VUc0BGhW_normal.jpg
200544292,ChiSleepyEyes,William Frederick,https://pbs.twimg.com/profile_images/426909885603655680/ZNZ49kyN_normal.jpeg
99888453,CollinATL,Collin Preston,https://pbs.twimg.com/profile_images/740027333114007552/taVdIyy1_normal.jpg
293220498,Thewarguy,Sam Gunnner,https://pbs.twimg.com/profile_images/1522212180/call_of_duty_wallpaper_normal.jpg
927257830402461700,Dragondorii,Dragon „Éâ„É©„Ç¥„É≥,https://pbs.twimg.com/profile_images/927260792118022147/ft3sTYDC_normal.jpg
1391612202,iTob191,iTob,https://abs.twimg.com/sticky/default_profile_images/default_profile_normal.png
2442806774,DL_Canith,Canith,https://pbs.twimg.com/profile_images/851844388091293697/2GoRF2Bn_normal.jpg
1271307078,DanielAvila1254,Daniel Avila,https://pbs.twimg.com/profile_images/1307529625954914306/JKxFVlvK_normal.jpg
790522608005550080,UnicodeSnek,Alter,https://pbs.twimg.com/profile_images/1401914081716707334/NmYlz43e_normal.jpg
2337311593,Nocsis_,Nocsis,https://pbs.twimg.com/profile_images/845028323247968256/Ku3JgiMH_normal.jpg
2367502235,HomoMilch,HomoMilk,https://pbs.twimg.com/profile_images/881207639883075584/et4CArnc_normal.jpg
25777530,Charleym_,POG¬≠‚Ñ¢ Champion,https://pbs.twimg.com/profile_images/1180168424149921793/hPJCIAbi_normal.jpg
879268578,Hamish_GG,HamishG,https://pbs.twimg.com/profile_images/1246108407800778753/Lh44UgEX_normal.jpg
900757095892561920,kedping,Redked,https://pbs.twimg.com/profile_images/900761332252856321/RNP_dy7e_normal.jpg
1225450590215528451,Danielermk7,DaaN,https://pbs.twimg.com/profile_images/1293247553476100096/RBVoFAeF_normal.jpg
27398931,matze502,Matthias,https://pbs.twimg.com/profile_images/1213412527352274944/hBCZfOFf_normal.jpg
1489899976901775370,Askannon97,Askannon 97,https://pbs.twimg.com/profile_images/1489900075597893635/REabGqQA_normal.png
966794827,benhadock21,beno√Æt Nawrot,https://pbs.twimg.com/profile_images/2887032500/5db947fc018c0b64c5fc3558737e1e19_normal.jpeg
1478407014682271745,dadjokedillon,Dillon,https://pbs.twimg.com/profile_images/1492430372713353222/NOvfoNw5_normal.jpg
1296187502508859392,konron16,konron,https://pbs.twimg.com/profile_images/1296191063896596480/Dtlrv9JR_normal.jpg
3360754634,wolfenxxx3,Killian Wolf,https://abs.twimg.com/sticky/default_profile_images/default_profile_normal.png
4292033309,kazven1511,Kazven,https://abs.twimg.com/sticky/default_profile_images/default_profile_normal.png
724252092,VladimirK4rpov,Vladimir Olegovich Karpov,https://pbs.twimg.com/profile_images/1475798023087304706/FbnGB9Xq_normal.jpg
1173038971191877632,Poctim,Poctim,https://pbs.twimg.com/profile_images/1179865917502570497/8iQU4utV_normal.jpg
1548301742,ItegnisS,–ò–≥–æ—Ä—å,https://pbs.twimg.com/profile_images/1483468830118666243/r6eYAcHA_normal.jpg
725849034,InstaMojo_,InstaMojo,https://pbs.twimg.com/profile_images/835552335468310528/CaF_YDVn_normal.jpg
1639080433,ScrubGFY,G,https://pbs.twimg.com/profile_images/899806780095475712/y2fGU3_F_normal.jpg
448131051,Peldin_,Nico,https://pbs.twimg.com/profile_images/1127921854549721089/hmYKhFSb_normal.png
1427425291,HumanLogan,Logan Human,https://pbs.twimg.com/profile_images/689405973153259520/b2Llu_l1_normal.jpg
553171678,NinjasMalditos,Lucas Rodrigues,https://pbs.twimg.com/profile_images/422543232837226497/lIdCsZEt_normal.jpeg
1054012783786971137,eve_darth,DarthEve,https://pbs.twimg.com/profile_images/1443967067414319104/kkrbe2E-_normal.jpg
1223452706112770048,DrNoxTalk,Kamil,https://pbs.twimg.com/profile_images/1242880879296417792/aPmD00S8_normal.jpg
1419835028012511282,Patrick92558901,Patrick,https://abs.twimg.com/sticky/default_profile_images/default_profile_normal.png
1489675947582410756,Ziemehellsing,Piotr Ziemia≈Ñczyk,https://pbs.twimg.com/profile_images/1489676009528074240/t8FHejUm_normal.png
1083413329,pequeno89,pequeno89,https://abs.twimg.com/sticky/default_profile_images/default_profile_normal.png
1702426070,jessedude7,Jesse Watkins,https://abs.twimg.com/sticky/default_profile_images/default_profile_normal.png
629740337,DominikDietler,DomD,https://pbs.twimg.com/profile_images/1180550177192660999/krXpyw0M_normal.jpg
1140541711409655808,VasilisChristof,BillJesusbringer,https://pbs.twimg.com/profile_images/1140542459623198720/ftAzEpQQ_normal.jpg
2719382353,Sikkerik,erik sikk,https://abs.twimg.com/sticky/default_profile_images/default_profile_normal.png
1391785834781843459,TomJaro13,Tom√°≈° Jaro≈°,https://abs.twimg.com/sticky/default_profile_images/default_profile_normal.png
1489663163981303808,snow_dzon,DzonSnow,https://abs.twimg.com/sticky/default_profile_images/default_profile_normal.png
1489660742798385158,Imon699,≈†imon Jung,https://pbs.twimg.com/profile_images/1489660834007719945/D3Cs3Ury_normal.png
18026713,Chillilars,Chillilars,https://pbs.twimg.com/profile_images/1683729765/IMG_0364_normal.JPG
1465356362251177988,SternhagelvolI,Sternhagelvoll,https://pbs.twimg.com/profile_images/1474364502430957575/oSexQS3u_normal.jpg
386226401,FerranXco,Ferran Winnfield:.üåä,https://pbs.twimg.com/profile_images/1576005115/eft_normal.jpg
288978804,TheBaldude,Philip Koerte,https://abs.twimg.com/sticky/default_profile_images/default_profile_normal.png
918939862341963776,JesteriahGaming,Jesteriah,https://pbs.twimg.com/profile_images/1275265027306487810/unIicLmv_normal.jpg
1644354727,lkc19970812,Marco Leung,https://abs.twimg.com/sticky/default_profile_images/default_profile_normal.png
497599614,FA_Lhamas,F/A Lhamas,https://abs.twimg.com/sticky/default_profile_images/default_profile_normal.png
1489626928973815811,CsakaCykamaru,Dobos Zolt√°n,https://abs.twimg.com/sticky/default_profile_images/default_profile_normal.png
1489625582279266312,DobosZoltn11,Dobos Zolt√°n,https://abs.twimg.com/sticky/default_profile_images/default_profile_normal.png
2670922260,gabrjel90,Gabriele Olivo,https://pbs.twimg.com/profile_images/491725116074516481/5PNSx7UO_normal.jpeg
2940770164,magik97_a,magik_ale_nie_piotr,https://pbs.twimg.com/profile_images/1445583161157582854/93Z4A684_normal.jpg
1489618948572262406,baurock13,–°–µ—Ä–≥–µ–π –¢—É–Ω–¥—É–±–∏–Ω,https://pbs.twimg.com/profile_images/1489619105229557760/idjVOajs_normal.png
1489618900820058113,Epiel2Epic,Epiel,https://pbs.twimg.com/profile_images/1489619346683047938/xVfAduv2_normal.jpg
2907432347,MaxFDuc,Max F. Duc,https://pbs.twimg.com/profile_images/541139886086955008/7a3rhcIT_normal.jpeg
2307881623,SergioEspinRoj,Shadaret,https://pbs.twimg.com/profile_images/1201553574100123648/j0yYf8SR_normal.jpg
1483159854,LuwUnited,LuxUnited,https://pbs.twimg.com/profile_images/1321021264727781382/RyS6-dfw_normal.jpg
1168232276641091585,gordo_irl,FAT,https://pbs.twimg.com/profile_images/1472980364788477962/I8VXs-TY_normal.jpg
849627988937367552,DaButchar,Trapaceyro,https://abs.twimg.com/sticky/default_profile_images/default_profile_normal.png
83011005,klintan11,Hshsh,https://abs.twimg.com/sticky/default_profile_images/default_profile_normal.png
1106764494,Tomenak123,little baby man,https://pbs.twimg.com/profile_images/629743447503687681/8T8fn0n8_normal.jpg
3112508291,Mizvis_,Mr. Gattz,https://pbs.twimg.com/profile_images/861725116748705792/--pECrN1_normal.jpg
40655103,The91Niki,Nikita,https://pbs.twimg.com/profile_images/1421521319250862080/QpKRZKfK_normal.jpg
206608070,crazyPinni,HillockQQ,https://pbs.twimg.com/profile_images/687344587518652416/l-86bbLD_normal.jpg
1368997797572317184,Capitaine_Panet,Capitaine pas net !,https://pbs.twimg.com/profile_images/1376622388171915267/zW7qB0nJ_normal.jpg
631263347,emilgustavsson3,emil gustavsson,https://abs.twimg.com/sticky/default_profile_images/default_profile_normal.png
1489506322483666945,FrontierStudio3,FrontierStudio Silentium,https://pbs.twimg.com/profile_images/1489506383150080004/bqDPWPuG_normal.png
859009277557604352,Refractioneer,–ê–ª–µ–∫—Å–∞–Ω–¥—Ä,https://abs.twimg.com/sticky/default_profile_images/default_profile_normal.png
926714783008743424,JPropst1676,Jeremy Propst,https://pbs.twimg.com/profile_images/926717728974655488/mtdIEGrI_normal.jpg
222104267,mateusvie,Mateuz√£o,https://abs.twimg.com/sticky/default_profile_images/default_profile_normal.png
838164175302033409,WolfcryerYT,üê∫WolfCryerüíô,https://pbs.twimg.com/profile_images/1422304716290236421/6yiTTQzR_normal.png
577674514,BAM__4,Bryce,https://pbs.twimg.com/profile_images/1326035350838538240/DBfYMOO6_normal.jpg
22956241,ami_c,Ami Exists I Guess,https://pbs.twimg.com/profile_images/3749158096/bf4b2734ca74d209542e7f623b5846c3_normal.jpeg
2742597849,DildineJustin,Justin Dildine,https://pbs.twimg.com/profile_images/776791102720540672/MCQbryzH_normal.jpg
757523167535624192,GAMERAT_,GAMER.AT | Khaledi,https://pbs.twimg.com/profile_images/1484172199594532864/us_1iIJK_normal.jpg
501659904,WismitoHeadshot,Ismael Leiras,https://pbs.twimg.com/profile_images/378800000453343678/cf8de9f6d9dec4565ab2fb3000b9d220_normal.jpeg
1575223752,Scythiax,Bojc,https://pbs.twimg.com/profile_images/378800000100318241/97bcaf2a7de84ae1efb8298b3a00eb34_normal.jpeg
1369993905098395648,mmlangsam,mmlangsam,https://pbs.twimg.com/profile_images/1369998748395388934/ApNIvQlv_normal.jpg
1949091841,Hael5994,H√¶l,https://pbs.twimg.com/profile_images/1151090776727871488/y4x4S4QG_normal.jpg
49658798,Navist2,Navist,https://pbs.twimg.com/profile_images/3777119585/041aa20c34ebbe8f1312201dcde96c26_normal.png
1489323487445594112,katarukiari1,katarukiari,https://pbs.twimg.com/profile_images/1489323556378980354/8GbSYemF_normal.jpg
1062038240016904194,Bummer3_AE,Bummer,https://pbs.twimg.com/profile_images/1360973904618156039/KopgLO7V_normal.jpg
796419347514294272,Roryalrunner123,Royal Runner,https://pbs.twimg.com/profile_images/847151258016399364/0fVWzVhl_normal.jpg
891067778337312769,PedroSenpai3,Phzzzzz,https://pbs.twimg.com/profile_images/1403139640215941123/OamNLu7W_normal.jpg
1180088389342765056,QMumler,Quentin Mumler,https://abs.twimg.com/sticky/default_profile_images/default_profile_normal.png
1177222969493479424,andyboylevideo1,andyboyle@videotron.ca,https://abs.twimg.com/sticky/default_profile_images/default_profile_normal.png
1489262233636925455,Victor_Thoft,Victor Thoft,https://pbs.twimg.com/profile_images/1489262306294833157/Uw2koXM-_normal.png
921319135497392128,Pilme3,Pilme,https://pbs.twimg.com/profile_images/1177492622824198145/MjTfk9Mc_normal.jpg
978735324741472256,ProfGerMat,ProfGerMat,https://pbs.twimg.com/profile_images/979431452793286656/AlSvZTfj_normal.jpg
1319701264872181763,andytalazac1,√©l√©phanto,https://pbs.twimg.com/profile_images/1319702861673095175/OyzFiCC2_normal.jpg
4079615653,areyouk1ddingme,Harrington Morrison,https://abs.twimg.com/sticky/default_profile_images/default_profile_normal.png
1390179519156346880,ILaeteralus,issa.eth,https://pbs.twimg.com/profile_images/1391297705692045314/Gbc1Zv8F_normal.jpg
521393429,Yoshimtu1,Aero,https://pbs.twimg.com/profile_images/493510455919267840/HmDtUDEn_normal.jpeg
1461457393934557195,Illegalyerm,Illegal Yern,https://pbs.twimg.com/profile_images/1471229720813580296/777KxhOw_normal.jpg
2779273830,akesterson8468,Anthony Kesterson,https://pbs.twimg.com/profile_images/505516298139209728/l1zdGlL1_normal.jpeg
1679358732,WellingtonCSF20,Wellington Correia,https://abs.twimg.com/sticky/default_profile_images/default_profile_normal.png
1331629928186605568,bynnye,bu‚òÄÔ∏è cw: tokyo revengers,https://pbs.twimg.com/profile_images/1439538601289728001/Qnq0LJFz_normal.jpg
1119217188827815936,katsudo12897458,katsudon,https://abs.twimg.com/sticky/default_profile_images/default_profile_normal.png
704322355724574721,errosyncrasy,erro,https://pbs.twimg.com/profile_images/806248809999106048/y_1KR6sQ_normal.jpg
1474787601089540097,ScottHans96,Scott Hans,https://abs.twimg.com/sticky/default_profile_images/default_profile_normal.png
846473902943485952,HiMarioLopez,Mario Lopez Martinez,https://pbs.twimg.com/profile_images/1338220194364264451/A08mLwBP_normal.jpg
1488953877382709249,zium_xyz,XD XD,https://pbs.twimg.com/profile_images/1488953922488254469/nt_Gamn4_normal.png
33962960,Ayalfishey,Ayal Fishheimer,https://pbs.twimg.com/profile_images/326322653/n1086540127_30461605_3984_normal.jpg
918307928,jlarue72,jeremy larue,https://abs.twimg.com/sticky/default_profile_images/default_profile_normal.png
20502554,Joopz0r,Joop,https://pbs.twimg.com/profile_images/1674046359/fc33b83d261d39562252b4829be2f6db9993d907_full_normal.jpg
594393059,grainger_tom,Tom,https://pbs.twimg.com/profile_images/1361689953038647304/gYEx-dGu_normal.jpg
59191053,Rob_NordOrc,NordOrc - Rob the Orc - Vtuber,https://pbs.twimg.com/profile_images/1460100379434176514/3IJUpgH6_normal.jpg
1049488649098735616,yozooro,yozooro,https://pbs.twimg.com/profile_images/1131036060513734657/pvxknzJd_normal.jpg
848491797063942144,yxuanchang,chang yong xuan,https://abs.twimg.com/sticky/default_profile_images/default_profile_normal.png
1488820826371678210,FillFranss,Fill Franss,https://pbs.twimg.com/profile_images/1488820904805154819/jlFJf6Oh_normal.jpg
748639366633902080,Nelfouf,Nelfouf,https://pbs.twimg.com/profile_images/1014809284750782466/Fqd2DVNo_normal.jpg
2261998088,DanielFVelez,Daniel Velez,https://pbs.twimg.com/profile_images/987729271731949568/ntrxblnl_normal.jpg
949996477165707270,iTzShowTimee,iTzShowTime,https://pbs.twimg.com/profile_images/950003600352145408/4IJCTllr_normal.jpg
779467285320704001,wuptoy,Pixel Play Toy,https://pbs.twimg.com/profile_images/1425926617491148802/T7AItf1d_normal.jpg
1488626267180216323,cereeb3,ryan perry,https://pbs.twimg.com/profile_images/1488626329880825863/XZ2dR7d-_normal.png
2351987058,Prozstyla,Prozstyla,https://pbs.twimg.com/profile_images/1103799429201571842/rdmqbL-X_normal.png
1488607714741825536,TOreganoxxx,TheOreganoxxx,https://pbs.twimg.com/profile_images/1488607784375619592/nrhBLD4u_normal.jpg
200100153,RickyDGI,Ricardo Delgado,https://pbs.twimg.com/profile_images/1140090728/FacebookHomescreenImage_normal.jpg
847660156821225473,dannysprevail,Danny,https://pbs.twimg.com/profile_images/1417286856484458500/ZbfiayIQ_normal.jpg
617365534,erwangruenais,erwangruenais,https://pbs.twimg.com/profile_images/3007100456/45d39df305bcb0703fcda31eed03e692_normal.jpeg
1463876032545632266,BeslagRS,BeslagRS,https://pbs.twimg.com/profile_images/1463876100786958347/DEkTRqry_normal.jpg
1488552772718968833,RalevNasko,nasko ralev,https://pbs.twimg.com/profile_images/1488552838229901322/wI-en38w_normal.png
1546550755,koklaru,Vasilescu Andrei,https://pbs.twimg.com/profile_images/1455208919673020417/CVkKLQhj_normal.jpg
1261625517666496513,Colton41463547,Colton,https://pbs.twimg.com/profile_images/1488492682842460166/1ZahRp4v_normal.jpg
83213614,OffCaptainBob,Captain Bob,https://pbs.twimg.com/profile_images/524763273749483520/kYvYWVJz_normal.jpeg
1149156387496161280,filthiux,#3,https://pbs.twimg.com/profile_images/1182482680564178945/vHCTlvOf_normal.jpg
2795197291,erman1242,Erman,https://pbs.twimg.com/profile_images/1435803762275328005/Vswam2HT_normal.jpg
1098333692957724683,Teddysayo,Teddysayo,https://pbs.twimg.com/profile_images/1308515790359011334/-AHZoNuX_normal.jpg
980507184340590593,edgyshitonly,Edgy Shit,https://pbs.twimg.com/profile_images/980508201782267905/swoun35g_normal.jpg
773920476389400576,CinnamonApple89,JaxonFlaxonWaxon,https://pbs.twimg.com/profile_images/773923051662520320/gXGw28jI_normal.jpg
3030791769,xerxes1702,Michael Gawlik,https://pbs.twimg.com/profile_images/569830810740879360/URWhfIxp_normal.jpeg
968170201337516032,Dadashpure,Ali ƒêadashpour,https://pbs.twimg.com/profile_images/1175704747719962624/TUyspK0t_normal.jpg
39730712,Bumsbirne,Stefan,https://pbs.twimg.com/profile_images/2630758736/e9f1b22002a161c49e83e11b434b688c_normal.jpeg
768880001642967040,Rujeko25,Raymond Madziakapita,https://abs.twimg.com/sticky/default_profile_images/default_profile_normal.png
2426108962,Theudys1,Theudys Mejia,https://pbs.twimg.com/profile_images/446859513036275712/brMXqvFi_normal.jpeg
767713360154624000,Felieks1,Yo,https://pbs.twimg.com/profile_images/1015549376788393984/m2eCg53-_normal.jpg
1264935995151179779,TDMToru,No Need for you to know,https://pbs.twimg.com/profile_images/1288439351488262147/ghhbOpC1_normal.jpg
765920368196460545,Dinescux,Dinescu Cristian,https://pbs.twimg.com/profile_images/766202853513920512/rC63L7jQ_normal.jpg
1235598183344025600,4p5zkTNomwwQ9mA,...,https://abs.twimg.com/sticky/default_profile_images/default_profile_normal.png
458093250,180grdemocracy,Douglas Harder,https://pbs.twimg.com/profile_images/3257477925/7166ae989771321c0308a67a2ec73f58_normal.jpeg
81468707,jakethejakel,Jake the jackal,https://pbs.twimg.com/profile_images/1455346970491555847/c-js-3rv_normal.jpg
625019387,YuriLeoni2,Yuri Leoni,https://abs.twimg.com/sticky/default_profile_images/default_profile_normal.png
2817833359,robertcgj,robert costello,https://pbs.twimg.com/profile_images/1335774449744875526/mQdAllUx_normal.jpg
713341979535532032,Jal3xR,Jal3xR,https://pbs.twimg.com/profile_images/1440445849322934285/7yggdXm-_normal.jpg
52271618,Samurai_Slug,samuraislug,https://pbs.twimg.com/profile_images/1113454416219258881/F5ECRqGS_normal.jpg
908016894086668289,MPPanTherra,Asparagusk,https://pbs.twimg.com/profile_images/1277199578857684994/dNC0kf52_normal.jpg
1420566622822092800,BrockMerrill6,Brock Merrill,https://pbs.twimg.com/profile_images/1420566732868046852/p9c-sCwm_normal.png
883782377511800832,The_S0ap,The_S0ap,https://pbs.twimg.com/profile_images/1349351952350638080/hJOt4ErU_normal.jpg
1464005256342212609,CKsmith1987,Ck Smith,https://pbs.twimg.com/profile_images/1464005364060282880/10OKg0MD_normal.jpg
1187777840,adew4u,RtistiklyBent,https://pbs.twimg.com/profile_images/712797988272283648/fu8N7aA2_normal.jpg
938301209202626560,L9addy,ADI BAJNER,https://pbs.twimg.com/profile_images/1456569242074157061/uDEcUHLj_normal.jpg
981620486349221888,De_Raph23,Raphy,https://pbs.twimg.com/profile_images/1484240459060985862/BkR3FCOn_normal.jpg
869809812,OmegaZeroEngel,OmegaZeroEngel,https://pbs.twimg.com/profile_images/1328975043267739648/Drk-FaY0_normal.jpg
922420417,tempustasis,bara enthusiast üçÜüí¶üçëüí¶,https://pbs.twimg.com/profile_images/1225291054657810432/yGe89rHW_normal.jpg
4395033556,GriveauL,L'hirondel C√¥me,https://abs.twimg.com/sticky/default_profile_images/default_profile_normal.png
1487861009373147141,JaxPoEb,Jax,https://abs.twimg.com/sticky/default_profile_images/default_profile_normal.png
1432816089709359104,zenoskujo,zenoskujo,https://pbs.twimg.com/profile_images/1432816940721000448/vx7DFtqR_normal.jpg
111854667,TNTobi,TNTobi,https://pbs.twimg.com/profile_images/539168810926764032/qkORnTUy_normal.jpeg
322684291,SamuraiXG,Samurai,https://pbs.twimg.com/profile_images/1476296945316544512/-gRhJbUl_normal.jpg
2457058447,pmnerfed,Puneet Madaan,https://pbs.twimg.com/profile_images/1072920819624378368/QiqEctpF_normal.jpg
760547205690384384,JetPigM,Roman Malashevych,https://abs.twimg.com/sticky/default_profile_images/default_profile_normal.png
878252921565192193,DisireFire,DisireFire,https://abs.twimg.com/sticky/default_profile_images/default_profile_normal.png
59079999,alemaoklein,-,https://pbs.twimg.com/profile_images/1146876188/eu_normal.jpg
346279999,bernardrp,bernardrp,https://pbs.twimg.com/profile_images/1471708057/BeW_normal.jpg
358015855,tanshihlek,Bobblelicious,https://pbs.twimg.com/profile_images/893153133504757761/9KHNamzD_normal.jpg
891371672888061953,Hinodka,Hinode,https://abs.twimg.com/sticky/default_profile_images/default_profile_normal.png
1437725845775392773,Flouky29,Flouky,https://abs.twimg.com/sticky/default_profile_images/default_profile_normal.png
1482028422486540297,Matze07255406,Matze,https://pbs.twimg.com/profile_images/1482028472331644936/DLxids3j_normal.jpg
704431480559243264,nonelo1,Sergio,https://abs.twimg.com/sticky/default_profile_images/default_profile_normal.png
701861233,mario_kao,Mario romero,https://pbs.twimg.com/profile_images/2411677171/td102kaq98m3fqn763qd_normal.jpeg
480483313,w00dyz,w00dyz,https://abs.twimg.com/sticky/default_profile_images/default_profile_normal.png
1394580768391843841,asdelum,asdelum,https://pbs.twimg.com/profile_images/1394580892966965252/bljsOYrH_normal.jpg
3087207716,Thieuma___,Thieuma,https://pbs.twimg.com/profile_images/870282511708020737/PMj6l8Kb_normal.jpg
1383107472009928709,MoveMike1,MoveMike,https://pbs.twimg.com/profile_images/1383107607284572161/s-Gbj6fu_normal.jpg
470967017,BourdinTristan,bourdin tristan,https://pbs.twimg.com/profile_images/1487750811337773056/kt2TZUOO_normal.jpg
1487746343989030912,o_dovahkiin,Dovahkiin O,https://pbs.twimg.com/profile_images/1487746384698933248/_2rZ7GY6_normal.png
453067026,schanivo,Adrian Kukie≈Çka,https://abs.twimg.com/sticky/default_profile_images/default_profile_normal.png
2656289934,TheReshi1337,David Bacsa,https://abs.twimg.com/sticky/default_profile_images/default_profile_normal.png
1447938917467136013,Bucksai_,√Åkos Budai,https://pbs.twimg.com/profile_images/1447938980197044225/XWK-ySSw_normal.jpg
2580075140,almos1232,Almos,https://pbs.twimg.com/profile_images/1299436408919162880/6lTFa9KL_normal.jpg
3150076898,AI_nine_,„ÅÇ„ÅÑ„Å™„ÅÑ„Çì,https://pbs.twimg.com/profile_images/1154443230592696320/3OYP_rv7_normal.jpg
893116897331470338,ngr9x,ngrw0w,https://pbs.twimg.com/profile_images/1263241429448622082/oKSihOSD_normal.jpg
2389141507,csubakka999,katabencebendeguz,https://abs.twimg.com/sticky/default_profile_images/default_profile_normal.png
538197085,Mike15427,Michael Frost,https://abs.twimg.com/sticky/default_profile_images/default_profile_normal.png
1366751089555554308,Brandon98621613,Brandon,https://abs.twimg.com/sticky/default_profile_images/default_profile_normal.png
777452855410167808,BarobackPS4,Baroback,https://pbs.twimg.com/profile_images/778967950875394048/zbJs046v_normal.jpg
1487726047969914881,kohn_mathias,JustMathiasK,https://pbs.twimg.com/profile_images/1487726135366631430/9-cXJ4j0_normal.png
172349736,ramtamargo,Ramuel Tamargo,https://pbs.twimg.com/profile_images/1446170195131703305/OoaJx_n6_normal.jpg
272850920,Sathornisko,Adam Jagiello,https://pbs.twimg.com/profile_images/378800000441997944/8db22a1cd2aa2a187da1d1e160ba1b19_normal.jpeg
991788736747917312,BlackPinpin,BlackPinpin,https://pbs.twimg.com/profile_images/1225569522725376001/3Srfo6SI_normal.jpg
1228014847952113664,2aRLMwqw1uITTXO,–í–ª–∞–¥–∏—Å–ª–∞–≤,https://abs.twimg.com/sticky/default_profile_images/default_profile_normal.png
784318255783555073,VoidExileYT,VoidExile,https://pbs.twimg.com/profile_images/784345308318797824/H_KXXxpZ_normal.jpg
1278224040826724352,TheRealMunga,Brice,https://pbs.twimg.com/profile_images/1481269715096018948/UBMycavq_normal.jpg
1303519446695378944,james18143654,james,https://pbs.twimg.com/profile_images/1303519794151469057/RdPb1dm-_normal.jpg
1487574929293950976,nuntrapue,nuntrapue,https://abs.twimg.com/sticky/default_profile_images/default_profile_normal.png
4091777855,Ascentw_,Ascent,https://pbs.twimg.com/profile_images/1417322123635437578/PmLBVGEl_normal.jpg
326495563,Echo1scout,Echo1scout,https://pbs.twimg.com/profile_images/1080941746564067328/PbTQEPTW_normal.jpg
2766485868,PrincessUmbra,Aura~ Ó®Ä,https://pbs.twimg.com/profile_images/1172563014874259457/sk877hAP_normal.jpg
2613749046,resermag,Alex Zvezdochkin,https://pbs.twimg.com/profile_images/486899326371635200/7_2BDWOZ_normal.jpeg
1340640793644642304,Sir5am89,Sami R,https://pbs.twimg.com/profile_images/1341439729313714176/De9Rx4JS_normal.png
2387977784,Ivorykain,Ivory Kain,https://pbs.twimg.com/profile_images/1372689929340383232/XxSl8brR_normal.jpg
1422739572362973185,alayangleren1,√ßaƒülayan g√ºler≈üen,https://pbs.twimg.com/profile_images/1422739723399974915/7UXOOzxI_normal.png
426482542,ZyborgRSA,Brendynn Taylor,https://pbs.twimg.com/profile_images/1454471955768352774/6B-_tcVw_normal.jpg
2387638267,FormaldehydeX,Michael,https://abs.twimg.com/sticky/default_profile_images/default_profile_normal.png
85375984,QuintessenceHD,Quintessence,https://pbs.twimg.com/profile_images/1422354843398676508/zTdU8-Y0_normal.jpg
761184182093615105,Nooblan_UA,Nooblan_UA,https://abs.twimg.com/sticky/default_profile_images/default_profile_normal.png
1483522727030018056,ded59474215,ded,https://pbs.twimg.com/profile_images/1483522783984467968/uqWXx7Ex_normal.png
816376467089018880,rossiclerjr,rossicler junior,https://abs.twimg.com/sticky/default_profile_images/default_profile_normal.png
1222448681552687111,_Tykk__,Tykk,https://pbs.twimg.com/profile_images/1407362512367017985/Z9a0GOvI_normal.jpg
235448935,mateusarnaud,Arnaud,https://pbs.twimg.com/profile_images/1409411288816668675/kEShd2YB_normal.jpg
234157065,jukaizzz,„Åò„ÇÖ„ÅÜ„Åã„Çì,https://pbs.twimg.com/profile_images/1495125759241113600/zxGeJ4fP_normal.jpg
1576568731,AkkiLiketoFly,Hung Fei,https://pbs.twimg.com/profile_images/463277625167716352/7fbE4uii_normal.png
1100332060449914881,Frankfrompaddys,Frank,https://pbs.twimg.com/profile_images/1100332299848241152/sIeC9cjL_normal.jpg
187711214,J_fergarcia,Fer,https://pbs.twimg.com/profile_images/1168375486755553280/FxzsWVgH_normal.jpg
287408802,TheOne320,Alex Griffin,https://pbs.twimg.com/profile_images/1324083431/wic_logo_normal.jpg
2936501242,mc16584,The Music Meister,https://pbs.twimg.com/profile_images/861672791115878401/T9V-zsRd_normal.jpg
1369407229825286146,HellJukka,Jukka Hell,https://pbs.twimg.com/profile_images/1369407499691032577/rKbWN_69_normal.jpg
241997548,Daimonidlo,–î–º–∏—Ç—Ä–∏–π,https://abs.twimg.com/sticky/default_profile_images/default_profile_normal.png
107245448,Noobsloth,Aaron Dixon,https://abs.twimg.com/sticky/default_profile_images/default_profile_normal.png
925381412,Derasiel_,Derasiel ‚ñ≥,https://pbs.twimg.com/profile_images/1384563141506478080/Bw41jzVj_normal.jpg
2785341197,Princess_Tinyyy,PrincessTiny,https://pbs.twimg.com/profile_images/1458861524009820160/OckK6hqW_normal.jpg
1428756797981143051,GeorgeT08598783,George Thomas,https://abs.twimg.com/sticky/default_profile_images/default_profile_normal.png
2829094940,66Mhz,Sharon,https://pbs.twimg.com/profile_images/1328420016992219150/rqVxHuyj_normal.jpg
531933859,BginSimard,B√©gin-Simard √âtienne,https://pbs.twimg.com/profile_images/1984973775/N7rdBdEx_normal
